Team_Rank,Team,GP,W,L,WIN%,Min,PTS,FGM,FGA,FG%,3PM,3PA,3P%,FTM,FTA,FT%,OREB,DREB,REB,AST,TOV,STL,BLK,BLKA,PF,PFD,+/-,Year,Abb
1,Golden State Warriors,82,73,9,.890,48.5,114.9,42.5,87.3,48.7,13.1,31.6,41.6,16.7,21.8,76.3,10.0,36.2,46.2,28.9,15.2,8.4,6.1,4.1,20.7,19.8,10.8,2015,GSW
2,San Antonio Spurs,82,67,15,.817,48.1,103.5,40.1,82.9,48.4,7.0,18.5,37.5,16.4,20.4,80.3,9.4,34.5,43.9,24.5,13.1,8.3,5.9,3.9,17.5,19.5,10.6,2015,SAS
3,Cleveland Cavaliers,82,57,25,.695,48.4,104.3,38.7,84.0,46.0,10.7,29.6,36.2,16.3,21.7,74.8,10.6,33.9,44.5,22.7,13.6,6.7,3.9,4.4,20.3,20.6,6.0,2015,CLE
4,Toronto Raptors,82,56,26,.683,48.2,102.7,36.7,81.3,45.1,8.6,23.4,37.0,20.8,26.7,77.7,10.2,33.2,43.4,18.7,13.1,7.8,5.5,5.4,19.6,22.0,4.5,2015,TOR
5,Oklahoma City Thunder,82,55,27,.671,48.4,110.2,41.1,86.4,47.6,8.3,23.7,34.9,19.7,25.2,78.2,13.1,35.6,48.6,23.0,15.9,7.4,5.9,4.5,20.6,20.2,7.3,2015,OKC
6,Los Angeles Clippers,82,53,29,.646,48.4,104.5,38.3,82.4,46.5,9.7,26.7,36.4,18.2,26.2,69.2,8.8,33.3,42.0,22.8,13.0,8.6,5.6,3.2,21.3,22.5,4.3,2015,LAC
7,Atlanta Hawks,82,48,34,.585,48.4,102.8,38.6,84.4,45.8,9.9,28.4,35.0,15.6,20.0,78.3,8.3,33.8,42.1,25.6,15.0,9.1,5.9,5.0,19.1,18.3,3.6,2015,ATL
7,Boston Celtics,82,48,34,.585,48.2,105.7,39.2,89.2,43.9,8.7,26.1,33.5,18.5,23.5,78.8,11.6,33.3,44.9,24.2,13.7,9.2,4.2,5.5,21.9,21.0,3.2,2015,BOS
7,Charlotte Hornets,82,48,34,.585,48.4,103.4,37.0,84.4,43.9,10.6,29.4,36.2,18.7,23.7,79.0,9.0,35.0,43.9,21.7,12.5,7.3,5.3,5.5,18.1,20.4,2.7,2015,CHA
7,Miami Heat,82,48,34,.585,48.4,100.0,38.4,81.7,47.0,6.1,18.0,33.6,17.1,23.0,74.4,9.8,34.3,44.1,20.8,14.1,6.7,6.5,4.1,18.3,19.6,1.6,2015,MIA
11,Indiana Pacers,82,45,37,.549,48.5,102.2,38.3,85.2,45.0,8.1,23.0,35.1,17.4,22.8,76.4,10.3,33.9,44.2,21.2,14.9,9.0,4.8,4.5,20.0,20.4,1.7,2015,IND
12,Detroit Pistons,82,44,38,.537,48.5,102.0,37.9,86.4,43.9,9.0,26.2,34.5,17.1,25.5,66.8,12.5,33.9,46.3,19.4,13.5,7.0,3.7,4.5,19.0,21.6,0.6,2015,DET
12,Portland Trail Blazers,82,44,38,.537,48.3,105.1,38.6,85.9,45.0,10.5,28.5,37.0,17.4,23.0,75.4,11.6,33.9,45.5,21.3,14.6,6.9,4.6,5.2,21.7,19.5,0.8,2015,POR
14,Chicago Bulls,82,42,40,.512,48.5,101.6,38.6,87.4,44.1,7.9,21.4,37.1,16.5,21.0,78.7,11.1,35.2,46.3,22.8,13.9,6.0,5.7,5.7,18.8,18.7,-1.5,2015,CHI
14,Dallas Mavericks,82,42,40,.512,48.8,102.3,37.4,84.1,44.4,9.8,28.6,34.4,17.7,22.3,79.4,9.2,33.9,43.1,22.1,12.8,6.8,3.7,4.4,19.5,21.4,-0.3,2015,DAL
14,Memphis Grizzlies,82,42,40,.512,48.4,99.1,36.8,83.6,44.0,6.1,18.5,33.1,19.3,24.7,78.3,11.2,30.5,41.6,20.7,13.3,8.8,4.3,5.7,21.7,21.1,-2.2,2015,MEM
17,Houston Rockets,82,41,41,.500,48.4,106.5,37.7,83.5,45.2,10.7,30.9,34.7,20.4,29.4,69.4,11.3,31.7,43.1,22.2,15.9,10.0,5.2,4.9,21.8,22.5,0.2,2015,HOU
17,Washington Wizards,82,41,41,.500,48.2,104.1,39.5,85.8,46.0,8.6,24.2,35.8,16.5,22.5,73.0,9.1,32.8,41.8,24.5,14.5,8.6,3.9,4.3,20.8,20.1,-0.5,2015,WAS
19,Utah Jazz,82,40,42,.488,48.7,97.7,36.1,80.4,44.9,8.5,23.9,35.5,17.1,23.0,74.4,10.7,32.5,43.2,19.0,14.9,7.7,5.2,4.7,20.2,19.9,1.8,2015,UTA
20,Orlando Magic,82,35,47,.427,48.5,102.1,39.5,86.8,45.5,7.8,22.2,35.0,15.2,20.1,75.7,10.3,33.0,43.3,23.6,14.1,8.2,5.1,5.5,20.7,18.3,-1.6,2015,ORL
21,Denver Nuggets,82,33,49,.402,48.4,101.9,37.7,85.4,44.2,8.0,23.7,33.8,18.5,24.1,76.6,11.5,33.1,44.6,22.7,14.7,7.4,4.8,6.3,21.0,20.9,-3.1,2015,DEN
21,Milwaukee Bucks,82,33,49,.402,48.4,99.0,38.4,82.2,46.7,5.4,15.6,34.5,17.0,22.7,74.7,10.5,31.2,41.7,23.1,15.2,8.2,5.8,5.6,20.7,19.5,-4.2,2015,MIL
21,Sacramento Kings,82,33,49,.402,48.3,106.6,40.0,86.4,46.4,8.0,22.4,35.9,18.5,25.5,72.5,10.6,33.7,44.2,24.5,16.2,8.9,4.5,5.3,20.4,22.0,-2.5,2015,SAC
24,New York Knicks,82,32,50,.390,48.3,98.4,36.9,84.0,43.9,7.4,21.5,34.6,17.2,21.4,80.5,10.4,34.0,44.4,20.5,13.4,5.7,5.7,4.2,19.7,18.5,-2.7,2015,NYK
25,New Orleans Pelicans,82,30,52,.366,48.2,102.7,38.5,85.9,44.8,8.6,23.8,36.0,17.3,22.2,77.6,9.5,33.1,42.6,22.2,13.4,7.7,4.2,5.2,20.9,19.9,-3.8,2015,NOP
26,Minnesota Timberwolves,82,29,53,.354,48.5,102.4,37.7,81.3,46.4,5.5,16.4,33.8,21.4,27.0,79.2,10.0,31.5,41.6,23.4,15.0,8.0,4.6,5.2,20.7,21.6,-3.5,2015,MIN
27,Phoenix Suns,82,23,59,.280,48.1,100.9,37.2,85.6,43.5,9.0,25.8,34.8,17.5,23.2,75.1,11.5,33.3,44.8,20.7,17.2,7.7,3.8,5.5,22.7,21.6,-6.7,2015,PHX
28,Brooklyn Nets,82,21,61,.256,48.2,98.6,38.2,84.4,45.3,6.5,18.4,35.2,15.7,20.7,75.7,10.5,31.9,42.4,22.3,14.8,7.6,4.0,5.2,18.0,18.4,-7.4,2015,BKN
29,Los Angeles Lakers,82,17,65,.207,48.1,97.3,35.1,84.8,41.4,7.8,24.6,31.7,19.3,24.7,78.1,10.7,32.3,43.0,18.0,13.7,7.2,4.1,5.6,20.3,19.2,-9.6,2015,LAL
30,Philadelphia 76ers,82,10,72,.122,48.3,97.4,36.2,84.0,43.1,9.3,27.5,33.9,15.7,22.6,69.4,9.5,31.8,41.2,21.5,16.4,8.3,6.0,5.7,21.7,19.2,-10.2,2015,PHI
1,Golden State Warriors,82,67,15,.817,48.2,115.9,43.1,87.1,49.5,12.0,31.2,38.3,17.8,22.6,78.8,9.4,35.0,44.4,30.4,14.8,9.6,6.8,3.8,19.3,19.4,11.6,2016,GSW
2,San Antonio Spurs,82,61,21,.744,48.3,105.3,39.3,83.7,46.9,9.2,23.5,39.1,17.6,22.0,79.7,10.0,33.9,43.9,23.8,13.4,8.0,5.9,4.1,18.3,19.8,7.2,2016,SAS
3,Houston Rockets,82,55,27,.671,48.2,115.3,40.3,87.2,46.2,14.4,40.3,35.7,20.3,26.5,76.6,10.9,33.5,44.4,25.2,15.1,8.2,4.3,5.0,19.9,20.4,5.8,2016,HOU
4,Boston Celtics,82,53,29,.646,48.2,108.0,38.6,85.1,45.4,12.0,33.4,35.9,18.7,23.2,80.7,9.1,32.9,42.0,25.2,13.3,7.5,4.1,5.2,20.6,20.3,2.6,2016,BOS
5,Cleveland Cavaliers,82,51,31,.622,48.5,110.3,39.9,84.9,47.0,13.0,33.9,38.4,17.5,23.3,74.8,9.3,34.4,43.7,22.7,13.7,6.6,4.0,4.3,18.1,20.6,3.2,2016,CLE
5,Los Angeles Clippers,82,51,31,.622,48.2,108.7,39.5,83.2,47.5,10.3,27.4,37.5,19.3,26.0,74.5,9.0,34.0,43.0,22.5,13.0,7.5,4.2,3.1,19.8,22.4,4.3,2016,LAC
5,Toronto Raptors,82,51,31,.622,48.2,106.9,39.2,84.4,46.4,8.8,24.3,36.3,19.7,24.7,79.6,10.6,32.6,43.3,18.5,12.7,8.3,4.9,4.8,20.8,20.3,4.2,2016,TOR
5,Utah Jazz,82,51,31,.622,48.2,100.7,37.0,79.5,46.6,9.6,26.0,37.2,17.1,22.9,74.7,9.4,33.8,43.2,20.1,13.6,6.7,5.0,3.8,18.8,20.2,3.9,2016,UTA
9,Washington Wizards,82,49,33,.598,48.4,109.2,41.3,87.0,47.5,9.2,24.8,37.2,17.3,22.1,78.4,10.3,32.6,42.9,23.9,14.2,8.5,4.1,4.6,21.3,19.8,1.8,2016,WAS
10,Oklahoma City Thunder,82,47,35,.573,48.3,106.6,39.5,87.4,45.2,8.4,25.8,32.7,19.2,25.8,74.5,12.2,34.4,46.6,21.0,15.0,7.9,5.0,5.5,20.9,20.7,0.8,2016,OKC
11,Atlanta Hawks,82,43,39,.524,48.5,103.2,38.1,84.4,45.1,8.9,26.1,34.1,18.1,24.9,72.8,10.3,34.1,44.3,23.6,15.8,8.2,4.8,5.2,18.2,21.6,-0.9,2016,ATL
11,Memphis Grizzlies,82,43,39,.524,48.5,100.5,36.4,83.6,43.5,9.4,26.5,35.4,18.3,23.4,78.4,10.8,32.0,42.8,21.3,12.9,8.0,4.2,5.0,22.4,20.8,0.5,2016,MEM
13,Indiana Pacers,82,42,40,.512,48.4,105.1,39.3,84.5,46.5,8.6,23.0,37.6,17.9,22.1,81.0,9.0,33.0,42.0,22.5,13.8,8.2,5.0,5.0,19.5,19.5,-0.2,2016,IND
13,Milwaukee Bucks,82,42,40,.512,48.2,103.6,38.8,81.9,47.4,8.8,23.7,37.0,17.2,22.4,76.8,8.8,31.6,40.4,24.2,14.0,8.1,5.3,4.6,20.2,19.3,-0.2,2016,MIL
15,Chicago Bulls,82,41,41,.500,48.2,102.9,38.6,87.1,44.4,7.6,22.3,34.0,18.0,22.5,79.8,12.2,34.1,46.3,22.6,13.6,7.8,4.8,4.6,17.7,18.8,0.4,2016,CHI
15,Miami Heat,82,41,41,.500,48.2,103.2,39.0,85.8,45.5,9.9,27.0,36.5,15.2,21.6,70.6,10.6,33.0,43.6,21.2,13.4,7.2,5.7,4.9,20.5,18.7,1.1,2016,MIA
15,Portland Trail Blazers,82,41,41,.500,48.6,107.9,39.5,86.1,45.9,10.4,27.7,37.5,18.5,23.7,78.0,10.1,33.5,43.7,21.1,13.7,7.0,5.0,5.3,21.2,19.8,-0.5,2016,POR
18,Denver Nuggets,82,40,42,.488,48.2,111.7,41.2,87.7,46.9,10.6,28.8,36.8,18.7,24.2,77.4,11.8,34.6,46.4,25.3,15.0,6.9,3.9,4.9,19.1,20.2,0.5,2016,DEN
19,Detroit Pistons,82,37,45,.451,48.3,101.3,39.9,88.8,44.9,7.7,23.4,33.0,13.9,19.3,71.9,11.1,34.6,45.7,21.1,11.9,7.0,3.8,4.1,17.9,17.5,-1.1,2016,DET
20,Charlotte Hornets,82,36,46,.439,48.4,104.9,37.7,85.4,44.2,10.0,28.6,35.1,19.4,23.8,81.5,8.8,34.8,43.6,23.1,11.5,7.0,4.8,5.5,16.6,19.9,0.2,2016,CHA
21,New Orleans Pelicans,82,34,48,.415,48.5,104.3,39.1,87.0,45.0,9.4,26.8,35.0,16.7,22.3,75.0,8.6,35.1,43.7,22.8,12.9,7.8,5.5,4.2,18.2,19.3,-2.1,2016,NOP
22,Dallas Mavericks,82,33,49,.402,48.2,97.9,36.2,82.3,44.0,10.7,30.2,35.5,14.8,18.5,80.1,7.9,30.7,38.6,20.8,11.9,7.5,3.7,3.4,19.1,19.4,-2.9,2016,DAL
23,Sacramento Kings,82,32,50,.390,48.5,102.8,37.9,82.1,46.1,9.0,23.9,37.6,18.1,23.3,77.5,8.7,32.3,41.1,22.5,14.6,7.6,4.0,5.1,20.3,20.1,-3.9,2016,SAC
24,Minnesota Timberwolves,82,31,51,.378,48.3,105.6,39.5,84.4,46.7,7.3,21.0,34.9,19.3,24.2,79.9,11.4,31.0,42.4,23.7,14.0,8.0,4.5,5.0,20.1,20.5,-1.1,2016,MIN
24,New York Knicks,82,31,51,.378,48.4,104.3,39.6,88.5,44.7,8.6,24.7,34.8,16.6,21.1,78.8,12.0,33.2,45.2,21.8,13.9,7.1,5.5,4.6,20.3,18.5,-3.7,2016,NYK
26,Orlando Magic,82,29,53,.354,48.3,101.1,38.3,87.0,44.0,8.5,26.1,32.8,16.0,21.4,74.7,9.8,33.3,43.2,22.2,13.3,7.1,4.8,5.1,19.3,18.7,-6.6,2016,ORL
27,Philadelphia 76ers,82,28,54,.341,48.4,102.4,37.7,85.3,44.2,10.1,29.8,34.0,17.0,22.0,77.1,9.8,33.0,42.8,23.8,16.7,8.4,5.1,5.4,21.9,19.6,-5.7,2016,PHI
28,Los Angeles Lakers,82,26,56,.317,48.1,104.6,39.3,87.4,45.0,8.9,25.7,34.6,17.0,22.6,75.4,11.4,32.1,43.5,20.9,15.2,8.2,3.9,5.4,20.7,18.5,-6.9,2016,LAL
29,Phoenix Suns,82,24,58,.293,48.4,107.7,39.9,88.5,45.0,7.5,22.6,33.2,20.4,26.3,77.6,11.9,33.1,45.0,19.6,15.4,8.2,4.9,5.3,24.8,22.2,-5.6,2016,PHX
30,Brooklyn Nets,82,20,62,.244,48.2,105.8,37.8,85.2,44.4,10.7,31.6,33.8,19.4,24.6,78.8,8.8,35.1,43.9,21.4,16.5,7.2,4.7,5.6,21.0,20.4,-6.7,2016,BKN
1,Houston Rockets,82,65,17,.793,48.2,112.4,38.7,84.2,46.0,15.3,42.3,36.2,19.6,25.1,78.1,9.0,34.5,43.5,21.5,13.8,8.5,4.8,4.4,19.5,20.4,8.5,2017,HOU
2,Toronto Raptors,82,59,23,.720,48.4,111.7,41.3,87.4,47.2,11.8,33.0,35.8,17.3,21.8,79.4,9.8,34.2,44.0,24.3,13.4,7.6,6.1,4.9,21.7,19.9,7.8,2017,TOR
3,Golden State Warriors,82,58,24,.707,48.1,113.5,42.8,85.1,50.3,11.3,28.9,39.1,16.6,20.3,81.5,8.4,35.1,43.5,29.3,15.4,8.0,7.5,3.7,19.6,18.5,6.0,2017,GSW
4,Boston Celtics,82,55,27,.671,48.3,104.0,38.3,85.1,45.0,11.5,30.4,37.7,16.0,20.7,77.1,9.4,35.1,44.5,22.5,14.0,7.4,4.5,4.4,19.7,19.2,3.6,2017,BOS
5,Philadelphia 76ers,82,52,30,.634,48.2,109.8,40.8,86.6,47.2,11.0,29.8,36.9,17.1,22.8,75.2,10.9,36.5,47.4,27.1,16.5,8.3,5.1,5.1,22.1,20.4,4.5,2017,PHI
6,Cleveland Cavaliers,82,50,32,.610,48.1,110.9,40.4,84.8,47.6,12.0,32.1,37.2,18.1,23.3,77.9,8.5,33.7,42.1,23.4,13.7,7.1,3.8,4.1,18.6,20.7,0.9,2017,CLE
7,Portland Trail Blazers,82,49,33,.598,48.2,105.6,39.3,87.0,45.2,10.3,28.1,36.6,16.7,20.9,80.0,10.2,35.3,45.5,19.5,13.5,7.0,5.2,5.1,19.5,19.1,2.6,2017,POR
8,Indiana Pacers,82,48,34,.585,48.2,105.6,40.8,86.4,47.2,9.0,24.5,36.9,14.9,19.2,77.9,9.6,32.7,42.3,22.2,13.3,8.8,4.1,5.2,18.8,18.5,1.4,2017,IND
8,New Orleans Pelicans,82,48,34,.585,48.7,111.7,42.7,88.3,48.3,10.2,28.2,36.2,16.1,20.9,77.2,8.7,35.6,44.3,26.8,14.9,8.0,5.9,4.2,19.1,20.4,1.3,2017,NOP
8,Oklahoma City Thunder,82,48,34,.585,48.4,107.9,39.9,88.1,45.3,10.7,30.4,35.4,17.3,24.2,71.6,12.5,32.6,45.1,21.3,14.0,9.1,5.0,4.6,20.2,21.3,3.4,2017,OKC
8,Utah Jazz,82,48,34,.585,48.2,104.1,38.3,82.9,46.2,10.8,29.6,36.6,16.8,21.5,77.9,9.0,34.2,43.3,22.4,14.7,8.6,5.1,4.6,19.6,20.5,4.3,2017,UTA
12,Minnesota Timberwolves,82,47,35,.573,48.3,109.5,41.0,86.1,47.6,8.0,22.5,35.7,19.4,24.1,80.4,10.3,31.6,42.0,22.7,12.5,8.4,4.2,4.7,18.2,20.9,2.2,2017,MIN
12,San Antonio Spurs,82,47,35,.573,48.1,102.7,39.0,85.4,45.7,8.5,24.1,35.2,16.1,20.9,77.2,10.4,33.9,44.2,22.8,13.1,7.7,5.6,3.9,17.2,19.7,2.9,2017,SAS
14,Denver Nuggets,82,46,36,.561,48.5,110.0,40.7,86.6,47.0,11.5,30.9,37.1,17.1,22.3,76.7,11.0,33.5,44.5,25.1,15.0,7.6,4.9,4.8,18.7,20.7,1.5,2017,DEN
15,Miami Heat,82,44,38,.537,48.6,103.4,38.8,85.3,45.5,11.0,30.6,36.0,14.7,19.5,75.5,9.3,34.2,43.5,22.7,14.4,7.6,5.3,4.6,20.1,19.4,0.5,2017,MIA
15,Milwaukee Bucks,82,44,38,.537,48.4,106.5,39.7,83.0,47.8,8.8,24.7,35.5,18.3,23.4,78.3,8.4,31.5,39.8,23.2,13.8,8.8,5.4,4.5,21.4,19.9,-0.3,2017,MIL
17,Washington Wizards,82,43,39,.524,48.4,106.6,39.9,85.6,46.7,9.9,26.5,37.5,16.8,21.8,77.2,10.0,33.1,43.1,25.2,14.6,7.9,4.3,4.7,21.3,20.0,0.6,2017,WAS
18,Los Angeles Clippers,82,42,40,.512,48.1,109.0,40.3,85.4,47.1,9.5,26.8,35.4,19.0,25.5,74.3,10.1,33.7,43.9,22.3,14.7,7.7,4.5,5.6,20.0,22.0,0.0,2017,LAC
19,Detroit Pistons,82,39,43,.476,48.3,103.8,39.1,86.9,45.0,10.8,28.9,37.3,14.7,19.8,74.5,10.1,33.6,43.7,22.8,13.4,7.7,3.9,4.9,18.4,18.4,-0.1,2017,DET
20,Charlotte Hornets,82,36,46,.439,48.2,108.2,39.0,86.7,45.0,10.0,27.2,36.9,20.2,27.0,74.7,10.1,35.4,45.5,21.6,12.7,6.8,4.5,4.9,17.2,22.4,0.3,2017,CHA
21,Los Angeles Lakers,82,35,47,.427,48.5,108.1,40.7,88.4,46.1,10.0,29.1,34.5,16.6,23.3,71.4,10.7,35.7,46.4,23.8,15.8,7.7,4.7,5.5,21.2,20.5,-1.5,2017,LAL
22,New York Knicks,82,29,53,.354,48.4,104.5,40.7,87.7,46.4,8.2,23.3,35.2,14.9,19.0,78.7,10.5,33.6,44.0,23.3,14.7,6.7,5.1,4.7,20.5,18.4,-3.6,2017,NYK
23,Brooklyn Nets,82,28,54,.341,48.4,106.6,38.2,86.8,44.1,12.7,35.7,35.6,17.4,22.6,77.2,9.7,34.8,44.4,23.7,15.2,6.2,4.8,5.5,20.6,19.7,-3.7,2017,BKN
24,Chicago Bulls,82,27,55,.329,48.4,102.9,38.7,88.8,43.5,11.0,31.1,35.5,14.6,19.2,75.9,9.6,35.0,44.7,23.5,14.0,7.6,3.5,5.2,19.2,17.4,-7.0,2017,CHI
24,Sacramento Kings,82,27,55,.329,48.2,98.8,38.8,86.1,45.0,9.0,24.0,37.5,12.3,16.7,73.5,9.5,31.4,40.9,21.6,13.7,7.8,4.1,4.7,20.0,17.3,-7.0,2017,SAC
26,Orlando Magic,82,25,57,.305,48.1,103.4,38.8,85.9,45.2,10.3,29.3,35.1,15.5,20.5,75.7,8.8,32.8,41.6,23.4,14.5,7.6,4.9,4.9,19.3,19.0,-4.8,2017,ORL
27,Atlanta Hawks,82,24,58,.293,48.1,103.4,38.2,85.5,44.6,11.2,31.0,36.0,15.8,20.2,78.5,9.1,32.8,41.9,23.7,15.5,7.8,4.2,5.5,19.6,20.3,-5.5,2017,ATL
27,Dallas Mavericks,82,24,58,.293,48.3,102.3,38.1,85.9,44.4,11.8,32.8,36.0,14.2,18.7,76.3,8.1,33.1,41.3,22.7,12.3,7.0,3.8,4.5,19.2,19.6,-3.0,2017,DAL
29,Memphis Grizzlies,82,22,60,.268,48.1,99.3,36.7,82.8,44.4,9.2,26.2,35.2,16.6,21.1,78.6,9.5,31.0,40.5,21.5,15.0,7.5,4.8,5.1,23.2,20.4,-6.2,2017,MEM
30,Phoenix Suns,82,21,61,.256,48.1,103.9,38.5,87.1,44.2,9.3,27.9,33.4,17.7,23.9,74.1,10.3,33.9,44.1,21.3,15.7,6.9,4.5,6.0,22.0,20.9,-9.4,2017,PHX
1,Milwaukee Bucks,82,60,22,.732,48.2,118.1,43.4,91.1,47.6,13.5,38.2,35.3,17.9,23.2,77.3,9.3,40.4,49.7,26.0,13.9,7.5,5.9,4.8,19.6,20.2,8.9,2018,MIL
2,Toronto Raptors,82,58,24,.707,48.5,114.4,42.2,89.1,47.4,12.4,33.8,36.6,17.7,22.0,80.4,9.6,35.6,45.2,25.4,14.0,8.3,5.3,4.5,21.0,20.5,6.1,2018,TOR
3,Golden State Warriors,82,57,25,.695,48.3,117.7,44.0,89.8,49.1,13.3,34.4,38.5,16.3,20.4,80.1,9.7,36.5,46.2,29.4,14.3,7.6,6.4,3.6,21.4,19.5,6.5,2018,GSW
4,Denver Nuggets,82,54,28,.659,48.1,110.7,41.9,90.0,46.6,11.0,31.4,35.1,15.8,20.9,75.5,11.9,34.5,46.4,27.4,13.4,7.7,4.4,5.0,20.0,20.4,4.0,2018,DEN
5,Houston Rockets,82,53,29,.646,48.4,113.9,39.2,87.4,44.9,16.1,45.4,35.6,19.3,24.4,79.1,10.2,31.9,42.1,21.2,13.3,8.5,4.9,4.5,22.0,20.0,4.8,2018,HOU
5,Portland Trail Blazers,82,53,29,.646,48.4,114.7,42.3,90.6,46.7,11.0,30.7,35.9,19.0,23.3,81.4,11.8,36.2,48.0,23.0,13.8,6.7,5.0,5.1,20.4,20.7,4.2,2018,POR
7,Philadelphia 76ers,82,51,31,.622,48.3,115.2,41.5,88.2,47.1,10.8,30.2,35.9,21.2,27.5,77.1,10.9,36.9,47.8,26.9,14.9,7.4,5.3,4.1,21.3,22.1,2.7,2018,PHI
8,Utah Jazz,82,50,32,.610,48.2,111.7,40.4,86.4,46.8,12.1,34.0,35.6,18.8,25.5,73.6,10.0,36.4,46.4,26.0,15.1,8.1,5.9,4.6,21.1,22.4,5.3,2018,UTA
9,Boston Celtics,82,49,33,.598,48.2,112.4,42.1,90.5,46.5,12.6,34.5,36.5,15.6,19.5,80.2,9.8,34.7,44.5,26.3,12.8,8.6,5.3,3.9,20.4,19.5,4.4,2018,BOS
9,Oklahoma City Thunder,82,49,33,.598,48.4,114.5,42.6,94.0,45.4,11.4,32.6,34.8,17.8,25.0,71.3,12.6,35.5,48.1,23.4,14.0,9.3,5.2,5.1,22.4,22.5,3.4,2018,OKC
11,Indiana Pacers,82,48,34,.585,48.1,108.0,41.3,87.0,47.5,9.5,25.4,37.4,15.8,21.1,75.2,9.3,33.7,43.0,26.0,13.7,8.7,4.9,5.2,19.4,20.0,3.3,2018,IND
11,Los Angeles Clippers,82,48,34,.585,48.4,115.1,41.3,87.5,47.1,10.0,25.8,38.8,22.6,28.5,79.2,9.7,35.8,45.5,24.0,14.5,6.8,4.7,6.1,23.3,24.0,0.9,2018,LAC
11,San Antonio Spurs,82,48,34,.585,48.3,111.7,42.3,88.4,47.8,9.9,25.3,39.2,17.2,21.0,81.9,9.2,35.5,44.7,24.5,12.1,6.1,4.7,4.0,18.1,19.6,1.7,2018,SAS
14,Brooklyn Nets,82,42,40,.512,48.7,112.2,40.3,89.7,44.9,12.8,36.2,35.3,19.0,25.5,74.5,11.0,35.6,46.6,23.8,15.1,6.6,4.1,5.3,21.5,22.0,-0.1,2018,BKN
14,Orlando Magic,82,42,40,.512,48.2,107.3,40.4,89.1,45.4,11.4,32.1,35.6,15.0,19.2,78.2,10.0,35.4,45.4,25.5,13.2,6.6,5.4,4.4,18.6,18.7,0.7,2018,ORL
16,Detroit Pistons,82,41,41,.500,48.4,107.0,38.8,88.3,44.0,12.1,34.8,34.8,17.3,23.1,74.7,11.4,33.6,45.0,22.5,13.8,6.9,4.0,5.1,22.1,21.3,-0.2,2018,DET
17,Charlotte Hornets,82,39,43,.476,48.4,110.7,40.2,89.8,44.8,11.9,33.9,35.1,18.4,23.1,79.7,9.9,33.9,43.8,23.2,12.2,7.2,4.9,6.0,18.9,20.6,-1.1,2018,CHA
17,Miami Heat,82,39,43,.476,48.1,105.7,39.6,88.0,45.0,11.3,32.4,34.9,15.1,21.7,69.5,11.2,35.1,46.3,24.3,14.7,7.6,5.5,4.7,20.9,20.1,-0.2,2018,MIA
17,Sacramento Kings,82,39,43,.476,48.1,114.2,43.2,93.1,46.4,11.3,29.9,37.8,16.5,22.7,72.6,11.0,34.4,45.4,25.4,13.4,8.3,4.4,5.1,21.4,21.4,-1.1,2018,SAC
20,Los Angeles Lakers,82,37,45,.451,48.2,111.8,42.6,90.5,47.0,10.3,31.0,33.3,16.3,23.3,69.9,10.2,36.4,46.6,25.6,15.7,7.5,5.4,5.1,20.7,20.8,-1.7,2018,LAL
21,Minnesota Timberwolves,82,36,46,.439,48.4,112.5,41.6,91.3,45.6,10.1,28.7,35.1,19.1,24.3,78.7,11.3,33.5,44.8,24.6,13.1,8.3,5.0,5.5,20.3,21.9,-1.5,2018,MIN
22,Dallas Mavericks,82,33,49,.402,48.2,108.9,38.8,86.9,44.7,12.5,36.6,34.0,18.8,25.3,74.2,10.1,35.2,45.3,23.4,14.2,6.5,4.3,4.5,20.1,23.2,-1.3,2018,DAL
22,Memphis Grizzlies,82,33,49,.402,48.5,103.5,38.0,84.4,45.0,9.9,28.9,34.2,17.7,23.0,77.2,8.8,33.0,41.8,23.9,14.0,8.3,5.5,4.9,22.0,21.4,-2.6,2018,MEM
22,New Orleans Pelicans,82,33,49,.402,48.2,115.4,43.7,92.2,47.3,10.3,29.9,34.4,17.8,23.4,76.1,11.1,36.2,47.3,27.0,14.8,7.4,5.4,5.4,21.1,21.0,-1.3,2018,NOP
25,Washington Wizards,82,32,50,.390,48.6,114.0,42.1,90.1,46.8,11.3,33.3,34.1,18.4,23.9,76.8,9.7,32.7,42.4,26.3,14.1,8.3,4.6,4.6,20.7,21.2,-2.9,2018,WAS
26,Atlanta Hawks,82,29,53,.354,48.4,113.3,41.4,91.8,45.1,13.0,37.0,35.2,17.6,23.4,75.2,11.6,34.5,46.1,25.8,17.0,8.2,5.1,5.5,23.6,22.2,-6.0,2018,ATL
27,Chicago Bulls,82,22,60,.268,48.5,104.9,39.8,87.9,45.3,9.1,25.9,35.1,16.2,20.7,78.3,8.8,34.1,42.9,21.9,14.1,7.4,4.3,5.8,20.3,18.7,-8.4,2018,CHI
28,Cleveland Cavaliers,82,19,63,.232,48.2,104.5,38.9,87.6,44.4,10.3,29.1,35.5,16.4,20.7,79.2,10.7,31.9,42.7,20.7,13.5,6.5,2.4,5.6,20.0,19.4,-9.6,2018,CLE
28,Phoenix Suns,82,19,63,.232,48.5,107.5,40.1,87.4,45.9,9.6,29.3,32.9,17.6,22.7,77.9,9.1,31.3,40.4,23.9,15.6,9.0,5.1,5.0,23.6,20.7,-9.3,2018,PHX
30,New York Knicks,82,17,65,.207,48.2,104.6,38.2,88.3,43.3,10.0,29.5,34.0,18.1,23.9,75.9,10.5,34.3,44.7,20.1,14.0,6.8,5.1,5.6,20.9,20.8,-9.2,2018,NYK
1,Milwaukee Bucks,73,56,17,.767,48.2,118.7,43.3,90.9,47.6,13.8,38.9,35.5,18.3,24.7,74.2,9.5,42.2,51.7,25.9,15.1,7.2,5.9,4.5,19.6,21.7,10.1,2019,MIL
2,Toronto Raptors,72,53,19,.736,48.3,112.8,40.2,87.9,45.8,13.8,37.0,37.4,18.5,23.2,79.6,9.5,35.9,45.4,25.2,14.8,8.8,5.0,5.5,21.7,20.4,6.2,2019,TOR
3,Los Angeles Lakers,71,52,19,.732,48.1,113.4,42.3,88.3,48.0,11.0,31.6,34.9,17.7,24.3,72.9,10.7,35.1,45.7,25.4,15.2,8.6,6.6,3.7,20.7,21.7,5.8,2019,LAL
4,Los Angeles Clippers,72,49,23,.681,48.3,116.3,41.6,89.2,46.6,12.4,33.5,37.1,20.8,26.3,79.1,10.7,37.0,47.7,23.7,14.6,7.1,4.7,4.7,22.1,22.9,6.4,2019,LAC
5,Boston Celtics,72,48,24,.667,48.4,113.7,41.3,89.6,46.1,12.6,34.5,36.4,18.6,23.2,80.1,10.7,35.4,46.1,23.0,13.8,8.3,5.6,5.5,21.6,20.7,6.3,2019,BOS
6,Denver Nuggets,73,46,27,.630,48.6,111.3,42.0,88.9,47.3,11.0,30.6,35.9,16.2,20.9,77.7,10.8,33.4,44.1,26.7,13.8,8.0,4.6,4.4,20.3,20.5,2.1,2019,DEN
7,Indiana Pacers,73,45,28,.616,48.3,109.4,42.1,88.5,47.6,10.2,28.0,36.3,15.0,19.1,78.7,8.7,34.1,42.8,25.9,13.2,7.4,5.2,4.6,19.8,18.8,2.0,2019,IND
8,Houston Rockets,72,44,28,.611,48.3,117.8,40.8,90.4,45.1,15.6,45.3,34.5,20.6,26.1,79.1,9.8,34.5,44.3,21.6,14.7,8.7,5.2,4.9,21.8,21.0,3.0,2019,HOU
8,Oklahoma City Thunder,72,44,28,.611,48.4,110.4,40.0,85.5,46.8,10.7,30.2,35.5,19.8,24.8,79.6,8.2,34.7,42.9,21.7,13.7,7.6,4.9,4.0,19.3,22.8,2.0,2019,OKC
8,Utah Jazz,72,44,28,.611,48.2,111.3,40.1,85.1,47.1,13.4,35.2,38.0,17.8,22.8,77.9,9.1,35.8,44.9,22.4,15.1,6.1,4.1,4.6,20.4,20.8,2.5,2019,UTA
11,Miami Heat,73,44,29,.603,48.6,112.0,39.5,84.4,46.8,13.4,35.4,37.9,19.7,25.2,78.3,8.5,35.9,44.4,25.9,14.9,7.5,4.5,4.1,20.6,21.7,2.9,2019,MIA
12,Philadelphia 76ers,73,43,30,.589,48.2,110.7,41.1,87.9,46.8,11.6,31.6,36.8,16.9,22.4,75.5,10.5,35.0,45.4,25.8,14.2,8.0,5.3,4.0,20.9,20.5,2.4,2019,PHI
13,Dallas Mavericks,75,43,32,.573,48.5,117.0,41.7,90.3,46.1,15.1,41.3,36.7,18.6,23.8,77.9,10.5,36.4,46.9,24.7,12.7,6.1,4.8,4.1,19.5,21.3,4.9,2019,DAL
14,Brooklyn Nets,72,35,37,.486,48.6,111.8,40.4,90.3,44.8,13.1,38.1,34.3,17.9,24.1,74.5,10.6,37.3,47.9,24.5,15.3,6.4,4.5,5.3,21.0,21.1,-0.6,2019,BKN
15,Portland Trail Blazers,74,35,39,.473,48.2,115.0,42.2,91.2,46.3,12.9,34.1,37.7,17.7,22.1,80.4,10.2,35.1,45.3,20.6,12.8,6.3,6.1,4.9,21.7,20.1,-1.1,2019,POR
16,Memphis Grizzlies,73,34,39,.466,48.1,112.6,42.5,90.9,46.8,10.9,31.5,34.7,16.6,21.8,76.3,10.3,36.2,46.5,26.9,15.2,7.9,5.5,5.3,21.2,20.2,-1.1,2019,MEM
16,Phoenix Suns,73,34,39,.466,48.2,113.6,41.2,88.1,46.8,11.4,31.8,35.8,19.9,23.8,83.4,9.8,33.8,43.5,27.2,14.8,7.7,4.0,5.5,22.0,22.6,0.2,2019,PHX
18,Orlando Magic,73,33,40,.452,48.1,107.3,39.3,88.6,44.4,11.1,32.2,34.3,17.6,22.7,77.4,10.3,34.2,44.5,23.9,12.8,8.2,5.4,4.6,18.3,19.5,-1.0,2019,ORL
19,San Antonio Spurs,71,32,39,.451,48.5,114.1,42.2,89.4,47.2,10.7,28.5,37.6,19.0,23.4,81.0,9.0,35.6,44.6,24.7,12.6,7.3,5.5,4.3,19.4,20.1,-1.1,2019,SAS
20,Sacramento Kings,72,31,41,.431,48.5,110.1,40.9,88.4,46.2,12.7,34.9,36.4,15.7,20.3,77.0,9.7,32.9,42.6,23.8,14.5,7.7,4.1,4.2,22.2,19.5,-2.0,2019,SAC
21,New Orleans Pelicans,72,30,42,.417,48.4,115.8,42.6,91.6,46.5,13.6,36.9,37.0,17.1,23.4,72.9,11.1,35.4,46.5,26.8,16.4,7.5,5.0,4.8,21.2,21.1,-1.3,2019,NOP
22,Charlotte Hornets,65,23,42,.354,48.5,102.9,37.3,85.9,43.4,12.1,34.3,35.2,16.2,21.6,74.8,11.0,31.8,42.8,23.8,14.6,6.6,4.1,5.0,18.8,20.6,-6.8,2019,CHA
23,Washington Wizards,72,25,47,.347,48.2,114.4,41.5,90.9,45.7,12.0,32.6,36.8,19.4,24.6,78.8,10.2,31.9,42.0,25.0,14.2,8.0,4.3,5.0,22.7,22.2,-4.7,2019,WAS
24,Chicago Bulls,65,22,43,.338,48.2,106.8,39.6,88.6,44.7,12.2,35.1,34.8,15.5,20.5,75.5,10.5,31.4,41.9,23.2,15.5,10.0,4.1,5.9,21.8,19.2,-3.1,2019,CHI
25,New York Knicks,66,21,45,.318,48.4,105.8,40.0,89.3,44.7,9.6,28.4,33.7,16.3,23.5,69.4,12.0,34.5,46.5,22.1,14.3,7.6,4.7,5.0,22.2,19.8,-6.5,2019,NYK
26,Detroit Pistons,66,20,46,.303,48.4,107.2,39.3,85.7,45.9,12.0,32.7,36.7,16.6,22.4,74.3,9.8,32.0,41.7,24.1,15.3,7.4,4.5,5.6,19.7,19.8,-3.6,2019,DET
27,Atlanta Hawks,67,20,47,.299,48.6,111.8,40.6,90.6,44.9,12.0,36.1,33.3,18.5,23.4,79.0,9.9,33.4,43.3,24.0,16.2,7.8,5.1,6.4,23.1,21.0,-8.0,2019,ATL
28,Minnesota Timberwolves,64,19,45,.297,48.6,113.3,40.4,91.6,44.1,13.3,39.7,33.6,19.1,25.4,75.3,10.5,34.3,44.8,23.8,15.3,8.7,5.7,5.5,21.4,21.6,-4.3,2019,MIN
29,Cleveland Cavaliers,65,19,46,.292,48.4,106.9,40.3,87.9,45.8,11.2,31.8,35.1,15.1,19.9,75.8,10.8,33.4,44.2,23.1,16.5,6.9,3.2,6.3,18.3,19.6,-7.9,2019,CLE
30,Golden State Warriors,65,15,50,.231,48.4,106.3,38.6,88.2,43.8,10.4,31.3,33.4,18.7,23.2,80.3,10.0,32.9,42.8,25.6,14.9,8.2,4.6,4.9,20.1,20.1,-8.7,2019,GSW
1,Utah Jazz,72,52,20,.722,48.2,116.4,41.3,88.1,46.8,16.7,43.0,38.9,17.2,21.5,79.9,10.6,37.6,48.3,23.7,14.2,6.6,5.2,3.9,18.5,19.0,9.3,2020,UTA
2,Phoenix Suns,72,51,21,.708,48.6,115.3,43.3,88.3,49.0,13.1,34.6,37.8,15.6,18.7,83.4,8.8,34.2,42.9,26.9,12.5,7.2,4.3,3.6,19.1,18.0,5.8,2020,PHX
3,Philadelphia 76ers,72,49,23,.681,48.4,113.6,41.4,86.9,47.6,11.3,30.1,37.4,19.6,25.5,76.7,10.0,35.0,45.1,23.7,14.4,9.1,6.2,4.7,20.2,21.0,5.6,2020,PHI
4,Brooklyn Nets,72,48,24,.667,48.3,118.6,43.1,87.3,49.4,14.2,36.1,39.2,18.1,22.5,80.4,8.9,35.5,44.4,26.8,13.5,6.7,5.3,4.6,19.0,18.9,4.5,2020,BKN
5,Denver Nuggets,72,47,25,.653,48.6,115.1,43.3,89.2,48.5,12.9,34.2,37.7,15.7,19.5,80.3,10.5,33.9,44.4,26.8,13.5,8.1,4.5,4.5,19.1,19.2,4.9,2020,DEN
5,Los Angeles Clippers,72,47,25,.653,48.0,114.0,41.8,86.7,48.2,14.3,34.7,41.1,16.2,19.3,83.9,9.4,34.7,44.2,24.4,13.2,7.1,4.1,4.2,19.2,18.1,6.2,2020,LAC
7,Milwaukee Bucks,72,46,26,.639,48.1,120.1,44.7,91.8,48.7,14.4,37.1,38.9,16.2,21.4,76.0,10.3,37.8,48.1,25.5,13.8,8.1,4.6,4.8,17.3,18.3,5.9,2020,MIL
8,Dallas Mavericks,72,42,30,.583,48.1,112.4,41.1,87.3,47.0,13.8,38.1,36.2,16.5,21.2,77.8,9.1,34.2,43.3,22.9,12.1,6.3,4.3,3.7,19.4,20.1,2.3,2020,DAL
8,Los Angeles Lakers,72,42,30,.583,48.5,109.5,40.6,86.1,47.2,11.1,31.2,35.4,17.2,23.3,73.9,9.7,34.6,44.2,24.7,15.2,7.8,5.4,4.5,19.1,21.3,2.8,2020,LAL
8,Portland Trail Blazers,72,42,30,.583,48.1,116.1,41.3,91.1,45.3,15.7,40.8,38.5,17.8,21.6,82.3,10.6,33.9,44.5,21.3,11.1,6.9,5.0,4.6,18.9,19.1,1.8,2020,POR
11,Atlanta Hawks,72,41,31,.569,48.3,113.7,40.8,87.2,46.8,12.4,33.4,37.3,19.7,24.2,81.2,10.6,35.1,45.6,24.1,13.2,7.0,4.8,5.0,19.3,19.8,2.3,2020,ATL
11,New York Knicks,72,41,31,.569,48.4,107.0,39.4,86.5,45.6,11.8,30.0,39.2,16.4,20.9,78.4,9.7,35.5,45.1,21.4,12.9,7.0,5.1,5.4,20.5,17.9,2.3,2020,NYK
13,Miami Heat,72,40,32,.556,48.3,108.1,39.2,83.7,46.8,12.9,36.2,35.8,16.7,21.1,79.0,8.0,33.5,41.5,26.3,14.1,7.9,4.0,4.0,18.9,19.6,0.0,2020,MIA
14,Golden State Warriors,72,39,33,.542,48.1,113.7,41.3,88.2,46.8,14.6,38.7,37.6,16.6,21.1,78.5,8.0,35.1,43.0,27.7,15.0,8.2,4.8,4.3,21.2,19.5,1.1,2020,GSW
15,Memphis Grizzlies,72,38,34,.528,48.3,113.3,42.8,91.8,46.7,11.2,31.4,35.6,16.4,21.3,77.1,11.2,35.3,46.5,26.9,13.3,9.1,5.1,5.2,18.7,18.3,1.0,2020,MEM
16,Boston Celtics,72,36,36,.500,48.3,112.6,41.5,88.9,46.6,13.6,36.4,37.4,16.1,20.8,77.5,10.6,33.6,44.3,23.5,14.1,7.7,5.3,4.6,20.4,19.3,1.5,2020,BOS
17,Indiana Pacers,72,34,38,.472,48.5,115.3,43.3,91.2,47.4,12.3,34.0,36.4,16.4,20.7,79.2,9.0,33.7,42.7,27.4,13.5,8.5,6.4,5.3,20.2,18.1,0.0,2020,IND
17,Washington Wizards,72,34,38,.472,48.3,116.6,43.2,90.9,47.5,10.2,29.0,35.1,20.1,26.2,76.9,9.7,35.5,45.2,25.5,14.4,7.3,4.1,4.8,21.6,22.0,-1.8,2020,WAS
19,Charlotte Hornets,72,33,39,.458,48.2,109.5,39.9,87.8,45.5,13.7,37.0,36.9,15.9,20.9,76.1,10.6,33.2,43.8,26.8,14.8,7.8,4.8,4.8,18.0,18.6,-1.9,2020,CHA
19,San Antonio Spurs,72,33,39,.458,48.6,111.1,41.9,90.5,46.2,9.9,28.4,35.0,17.4,22.0,79.2,9.3,34.6,43.9,24.4,11.4,7.0,5.1,5.1,18.0,18.6,-1.7,2020,SAS
21,Chicago Bulls,72,31,41,.431,48.3,110.7,42.2,88.6,47.6,12.6,34.0,37.0,13.8,17.5,79.1,9.6,35.3,45.0,26.8,15.1,6.7,4.2,5.1,18.9,17.7,-0.9,2020,CHI
21,New Orleans Pelicans,72,31,41,.431,48.4,114.6,42.5,89.1,47.7,10.6,30.4,34.8,19.0,26.1,72.9,11.7,35.7,47.4,26.0,14.6,7.6,4.4,5.9,18.0,21.3,-0.3,2020,NOP
21,Sacramento Kings,72,31,41,.431,48.1,113.7,42.6,88.6,48.1,12.1,33.3,36.4,16.4,22.0,74.5,9.4,32.0,41.4,25.5,13.4,7.5,5.0,4.7,19.4,18.7,-3.7,2020,SAC
24,Toronto Raptors,72,27,45,.375,48.1,111.3,39.7,88.7,44.8,14.5,39.3,36.8,17.4,21.3,81.5,9.4,32.1,41.6,24.1,13.2,8.6,5.4,5.6,21.2,19.5,-0.5,2020,TOR
25,Minnesota Timberwolves,72,23,49,.319,48.3,112.1,40.7,90.9,44.8,13.1,37.6,34.9,17.6,23.1,76.1,10.5,33.0,43.5,25.6,14.3,8.8,5.5,5.5,20.9,19.9,-5.6,2020,MIN
26,Cleveland Cavaliers,72,22,50,.306,48.4,103.8,38.6,85.8,45.0,10.0,29.7,33.6,16.7,22.4,74.3,10.4,32.3,42.8,23.8,15.5,7.8,4.5,5.9,18.2,20.2,-8.4,2020,CLE
26,Oklahoma City Thunder,72,22,50,.306,48.2,105.0,38.8,88.0,44.1,11.9,35.1,33.9,15.5,21.3,72.5,9.9,35.7,45.6,22.1,16.1,7.0,4.4,5.3,18.1,18.6,-10.6,2020,OKC
28,Orlando Magic,72,21,51,.292,48.1,104.0,38.3,89.2,42.9,10.9,31.8,34.3,16.6,21.4,77.5,10.4,35.1,45.4,21.8,12.8,6.9,4.4,5.3,17.2,18.6,-9.3,2020,ORL
29,Detroit Pistons,72,20,52,.278,48.4,106.6,38.7,85.6,45.2,11.6,32.9,35.1,17.8,23.4,75.9,9.6,33.1,42.7,24.2,14.9,7.4,5.2,5.8,20.5,20.4,-4.5,2020,DET
30,Houston Rockets,72,17,55,.236,48.1,108.8,39.3,88.5,44.4,13.8,40.6,33.9,16.5,22.3,74.0,9.3,33.3,42.6,23.6,14.7,7.6,5.0,5.3,19.5,19.3,-7.9,2020,HOU
1,Phoenix Suns,82,64,18,.780,48.1,114.8,43.7,90.1,48.5,11.6,31.9,36.4,15.9,19.9,79.7,9.8,35.5,45.3,27.4,12.9,8.6,4.4,4.0,19.9,18.9,7.5,2021,PHX
2,Memphis Grizzlies,82,56,26,.683,48.2,115.6,43.5,94.4,46.1,11.5,32.7,35.3,17.0,23.1,73.4,14.1,35.0,49.2,26.0,13.2,9.8,6.5,6.0,19.8,19.8,5.7,2021,MEM
3,Golden State Warriors,82,53,29,.646,48.1,111.0,40.5,86.4,46.9,14.3,39.4,36.4,15.6,20.3,76.9,9.8,35.7,45.5,27.1,14.9,8.8,4.5,3.9,21.0,18.0,5.5,2021,GSW
3,Miami Heat,82,53,29,.646,48.4,110.0,39.6,84.8,46.7,13.6,35.8,37.9,17.3,21.4,80.8,9.8,33.9,43.7,25.5,14.6,7.4,3.2,4.0,20.5,20.6,4.5,2021,MIA
5,Dallas Mavericks,82,52,30,.634,48.2,108.0,39.3,85.1,46.1,13.1,37.4,35.0,16.4,21.2,77.1,9.3,33.8,43.0,23.4,12.5,6.7,4.0,3.7,19.7,20.1,3.3,2021,DAL
6,Boston Celtics,82,51,31,.622,48.5,111.8,40.7,87.4,46.6,13.2,37.1,35.6,17.0,20.9,81.6,10.5,35.5,46.1,24.8,13.6,7.2,5.8,4.6,18.5,19.4,7.3,2021,BOS
6,Milwaukee Bucks,82,51,31,.622,48.2,115.5,41.8,89.4,46.8,14.1,38.4,36.6,17.8,22.9,77.6,10.2,36.5,46.7,23.9,13.4,7.6,4.0,4.4,18.2,19.7,3.4,2021,MIL
6,Philadelphia 76ers,82,51,31,.622,48.3,109.9,39.4,84.5,46.6,11.6,31.8,36.4,19.6,23.8,82.1,8.5,33.8,42.3,23.7,12.5,7.7,5.3,4.6,19.4,19.4,2.6,2021,PHI
9,Utah Jazz,82,49,33,.598,48.1,113.6,40.6,86.2,47.1,14.5,40.3,36.0,17.9,23.4,76.7,10.8,35.6,46.3,22.4,14.0,7.2,4.9,4.3,18.9,20.3,6.0,2021,UTA
10,Denver Nuggets,82,48,34,.585,48.3,112.7,41.7,86.3,48.3,12.7,35.9,35.3,16.7,21.0,79.5,9.2,34.9,44.1,27.8,14.5,7.2,3.7,4.8,20.0,19.9,2.3,2021,DEN
10,Toronto Raptors,82,48,34,.585,48.4,109.4,40.6,91.3,44.5,11.9,34.2,34.9,16.2,21.3,75.9,13.4,32.0,45.3,22.1,12.5,9.0,4.6,5.1,19.6,19.1,2.3,2021,TOR
12,Chicago Bulls,82,46,36,.561,48.1,111.6,41.7,86.9,48.0,10.6,28.8,36.9,17.5,21.5,81.3,8.7,33.7,42.3,23.9,12.8,7.1,4.1,5.0,18.8,18.2,-0.4,2021,CHI
12,Minnesota Timberwolves,82,46,36,.561,48.2,115.9,41.6,91.0,45.7,14.8,41.3,35.8,18.0,23.1,77.8,11.2,32.9,44.2,25.7,14.3,8.8,5.6,4.8,21.8,20.9,2.6,2021,MIN
14,Brooklyn Nets,82,44,38,.537,48.2,112.9,42.0,88.4,47.5,11.5,31.7,36.1,17.5,21.7,80.5,10.3,34.1,44.4,25.3,14.1,7.1,5.5,4.9,20.4,19.7,0.8,2021,BKN
14,Cleveland Cavaliers,82,44,38,.537,48.1,107.8,39.7,84.6,46.9,11.6,32.8,35.5,16.8,22.1,76.0,10.2,34.0,44.2,25.2,14.4,7.1,4.2,4.6,17.5,20.0,2.1,2021,CLE
16,Atlanta Hawks,82,43,39,.524,48.1,113.9,41.5,88.3,47.0,12.9,34.4,37.4,18.1,22.3,81.2,10.0,33.9,44.0,24.6,11.9,7.2,4.2,4.5,18.7,20.3,1.6,2021,ATL
16,Charlotte Hornets,82,43,39,.524,48.5,115.3,42.8,91.4,46.8,13.9,38.2,36.5,15.8,21.4,74.0,10.8,33.7,44.6,28.1,13.3,8.6,4.9,4.6,19.9,19.6,0.4,2021,CHA
18,Los Angeles Clippers,82,42,40,.512,48.2,108.4,40.1,87.4,45.8,12.8,34.2,37.4,15.5,19.6,79.3,9.1,34.9,44.0,24.0,13.7,7.4,5.0,4.1,18.6,18.5,0.0,2021,LAC
19,New York Knicks,82,37,45,.451,48.2,106.5,37.7,86.2,43.7,13.2,36.9,35.7,18.0,24.1,74.4,11.5,34.6,46.1,21.9,13.3,7.0,4.9,4.6,20.4,20.4,-0.1,2021,NYK
20,New Orleans Pelicans,82,36,46,.439,48.2,109.3,40.2,88.0,45.7,10.6,32.1,33.2,18.3,23.2,78.9,12.0,33.2,45.2,25.0,14.1,8.3,4.0,4.8,19.7,20.5,-1.0,2021,NOP
21,Washington Wizards,82,35,47,.427,48.4,108.6,40.6,86.0,47.2,10.5,30.6,34.2,17.0,21.7,78.3,9.0,34.1,43.1,25.0,13.1,6.4,5.0,4.2,18.8,19.9,-3.4,2021,WAS
22,San Antonio Spurs,82,34,48,.415,48.3,113.2,43.2,92.7,46.7,11.3,32.0,35.2,15.4,20.4,75.4,11.0,34.3,45.3,27.9,12.7,7.6,4.9,4.9,18.1,18.9,0.1,2021,SAS
23,Los Angeles Lakers,82,33,49,.402,48.7,112.1,41.6,88.8,46.9,12.0,34.5,34.7,16.8,23.0,73.2,9.5,34.5,44.0,24.0,14.5,7.6,5.2,4.1,20.2,20.1,-3.0,2021,LAL
24,Sacramento Kings,82,30,52,.366,48.3,110.3,40.5,88.1,46.0,11.4,33.2,34.4,17.9,23.3,76.8,9.6,33.4,42.9,23.7,14.1,7.2,4.5,4.8,18.9,20.3,-5.5,2021,SAC
25,Portland Trail Blazers,82,27,55,.329,48.1,106.2,38.5,87.1,44.2,12.7,36.8,34.6,16.4,21.6,76.0,10.4,32.5,42.9,22.9,14.5,8.0,4.5,5.0,21.1,19.4,-8.9,2021,POR
26,Indiana Pacers,82,25,57,.305,48.5,111.5,41.4,89.5,46.3,12.2,35.4,34.4,16.4,21.4,76.8,11.3,32.6,43.9,25.4,14.4,7.1,5.6,4.9,20.4,19.2,-3.5,2021,IND
27,Oklahoma City Thunder,82,24,58,.293,48.3,103.7,38.3,89.1,43.0,12.1,37.4,32.3,15.0,19.9,75.6,10.4,35.2,45.6,22.2,14.0,7.6,4.6,6.0,18.3,17.8,-8.1,2021,OKC
28,Detroit Pistons,82,23,59,.280,48.2,104.8,38.2,88.6,43.1,11.3,34.6,32.6,17.2,22.0,78.2,11.0,32.0,43.0,23.5,14.2,7.7,4.8,5.2,21.9,19.8,-7.7,2021,DET
29,Orlando Magic,82,22,60,.268,48.2,104.2,38.3,88.3,43.4,12.2,36.9,33.1,15.5,19.7,78.7,9.1,35.2,44.3,23.7,14.5,6.8,4.5,5.2,19.7,18.3,-8.0,2021,ORL
30,Houston Rockets,82,20,62,.244,48.2,109.7,39.4,86.4,45.6,13.5,38.7,34.9,17.5,24.5,71.3,9.6,32.4,42.0,23.6,16.5,7.3,4.7,5.8,20.6,22.1,-8.5,2021,HOU
1,Milwaukee Bucks,82,58,24,.707,48.4,116.9,42.7,90.4,47.3,14.8,40.3,36.8,16.6,22.4,74.3,11.1,37.5,48.6,25.8,14.6,6.4,4.9,3.9,18.1,19.0,3.6,2022,MIL
2,Boston Celtics,82,57,25,.695,48.7,117.9,42.2,88.8,47.5,16.0,42.6,37.7,17.5,21.6,81.2,9.7,35.6,45.3,26.7,13.4,6.4,5.2,3.9,18.8,19.1,6.5,2022,BOS
3,Philadelphia 76ers,82,54,28,.659,48.5,115.2,40.8,83.8,48.7,12.6,32.6,38.7,21.0,25.1,83.5,8.7,32.2,40.9,25.2,13.7,7.7,4.7,4.6,20.4,19.6,4.3,2022,PHI
4,Denver Nuggets,82,53,29,.646,48.2,115.8,43.6,86.4,50.4,11.8,31.2,37.9,16.8,22.4,75.1,10.1,32.9,43.0,28.9,14.5,7.5,4.5,4.2,18.6,19.5,3.3,2022,DEN
5,Cleveland Cavaliers,82,51,31,.622,48.5,112.3,41.6,85.2,48.8,11.6,31.6,36.7,17.5,22.5,78.0,9.7,31.4,41.1,24.9,13.3,7.1,4.7,4.4,19.0,20.4,5.4,2022,CLE
5,Memphis Grizzlies,82,51,31,.622,48.2,116.9,43.7,92.1,47.5,12.0,34.2,35.1,17.5,23.8,73.3,12.0,34.6,46.6,26.0,13.6,8.3,5.8,5.2,20.0,20.0,3.9,2022,MEM
7,Sacramento Kings,82,48,34,.585,48.4,120.7,43.6,88.2,49.4,13.8,37.3,36.9,19.8,25.1,79.0,9.5,32.9,42.5,27.3,13.5,7.0,3.4,4.2,19.7,20.9,2.6,2022,SAC
8,New York Knicks,82,47,35,.573,48.7,116.0,42.0,89.4,47.0,12.6,35.7,35.4,19.4,25.5,76.1,12.6,34.0,46.6,22.9,13.0,6.4,4.1,4.5,20.3,20.7,2.9,2022,NYK
9,Brooklyn Nets,82,45,37,.549,48.1,113.4,41.5,85.1,48.7,12.8,33.8,37.8,17.7,22.1,80.0,8.2,32.3,40.5,25.5,13.7,7.1,6.2,3.9,21.1,18.5,0.9,2022,BKN
9,Phoenix Suns,82,45,37,.549,48.2,113.6,42.1,90.1,46.7,12.2,32.6,37.4,17.2,21.7,79.3,11.8,32.4,44.2,27.3,13.5,7.1,5.3,4.0,21.2,19.9,2.1,2022,PHX
11,Golden State Warriors,82,44,38,.537,48.4,118.9,43.1,90.2,47.9,16.6,43.2,38.5,16.0,20.2,79.4,10.5,34.1,44.6,29.8,16.3,7.2,4.0,4.0,21.4,18.4,1.8,2022,GSW
11,Los Angeles Clippers,82,44,38,.537,48.4,113.6,41.1,86.1,47.7,12.7,33.3,38.1,18.7,23.9,78.1,9.8,33.4,43.2,23.9,14.2,7.1,4.4,4.2,19.5,19.6,0.5,2022,LAC
11,Miami Heat,82,44,38,.537,48.3,109.5,39.2,85.3,46.0,12.0,34.8,34.4,19.1,23.0,83.1,9.7,30.9,40.6,23.8,13.5,8.0,3.0,3.8,18.5,20.0,-0.3,2022,MIA
14,Los Angeles Lakers,82,43,39,.524,48.5,117.2,42.9,89.0,48.2,10.8,31.2,34.6,20.6,26.6,77.5,10.0,35.7,45.7,25.3,14.1,6.4,4.6,5.1,17.9,21.5,0.6,2022,LAL
15,Minnesota Timberwolves,82,42,40,.512,48.4,115.8,42.9,87.4,49.0,12.2,33.3,36.5,17.9,23.7,75.5,9.1,32.8,41.9,26.2,15.3,8.0,5.4,4.1,21.6,20.2,0.0,2022,MIN
15,New Orleans Pelicans,82,42,40,.512,48.4,114.4,42.0,87.6,48.0,11.0,30.1,36.4,19.3,24.4,79.3,10.6,33.1,43.7,25.9,14.6,8.3,4.1,4.7,20.5,20.4,1.9,2022,NOP
17,Atlanta Hawks,82,41,41,.500,48.4,118.4,44.6,92.4,48.3,10.8,30.5,35.2,18.5,22.6,81.8,11.2,33.2,44.4,25.0,12.9,7.1,4.9,5.0,18.8,19.7,0.3,2022,ATL
17,Toronto Raptors,82,41,41,.500,48.3,112.9,41.9,91.3,45.9,10.7,32.0,33.5,18.4,23.4,78.4,12.7,30.3,43.0,23.9,11.7,9.4,5.2,4.6,20.0,19.6,1.5,2022,TOR
19,Chicago Bulls,82,40,42,.488,48.5,113.1,42.5,86.8,49.0,10.4,28.9,36.1,17.6,21.8,80.9,8.5,33.9,42.4,24.5,13.4,7.9,4.5,4.7,18.9,18.7,1.3,2022,CHI
19,Oklahoma City Thunder,82,40,42,.488,48.4,117.5,43.1,92.6,46.5,12.1,34.1,35.6,19.2,23.7,80.9,11.4,32.3,43.7,24.4,13.0,8.2,4.2,5.5,21.0,20.4,1.1,2022,OKC
21,Dallas Mavericks,82,38,44,.463,48.6,114.2,40.0,84.3,47.5,15.2,41.0,37.1,19.0,25.1,75.5,7.6,31.2,38.8,22.9,12.2,6.3,3.7,3.8,20.7,21.8,0.1,2022,DAL
22,Utah Jazz,82,37,45,.451,48.3,117.1,42.5,89.8,47.3,13.3,37.8,35.3,18.7,23.8,78.6,11.8,34.1,45.9,26.0,15.4,6.1,5.2,4.9,20.5,20.5,-0.9,2022,UTA
23,Indiana Pacers,82,35,47,.427,48.2,116.3,42.0,89.6,46.9,13.6,37.0,36.7,18.7,23.7,79.0,10.1,31.4,41.5,27.0,14.9,7.7,5.8,5.3,21.2,20.2,-3.2,2022,IND
23,Washington Wizards,82,35,47,.427,48.2,113.2,42.1,86.9,48.5,11.3,31.7,35.6,17.6,22.4,78.5,9.4,34.2,43.6,25.4,14.1,6.8,5.2,5.0,18.8,19.4,-1.2,2022,WAS
25,Orlando Magic,82,34,48,.415,48.2,111.4,40.5,86.3,47.0,10.8,31.1,34.6,19.6,25.0,78.4,10.2,33.1,43.2,23.2,15.1,7.4,4.7,5.1,20.1,20.5,-2.6,2022,ORL
26,Portland Trail Blazers,82,33,49,.402,48.1,113.4,40.5,85.4,47.4,12.9,35.3,36.5,19.6,24.6,79.6,9.4,31.1,40.5,24.2,14.5,6.7,4.6,4.3,20.0,20.5,-4.0,2022,POR
27,Charlotte Hornets,82,27,55,.329,48.4,111.0,41.3,90.4,45.7,10.7,32.5,33.0,17.6,23.6,74.9,11.0,33.5,44.5,25.1,14.2,7.7,5.2,5.7,20.3,20.3,-6.2,2022,CHA
28,Houston Rockets,82,22,60,.268,48.2,110.7,40.6,88.9,45.7,10.4,31.9,32.7,19.1,25.3,75.4,13.4,32.9,46.3,22.4,16.2,7.3,4.6,6.2,20.5,20.6,-7.9,2022,HOU
28,San Antonio Spurs,82,22,60,.268,48.4,113.0,43.1,92.6,46.5,11.1,32.2,34.5,15.8,21.2,74.3,11.8,31.9,43.7,27.2,15.3,7.0,3.9,5.3,19.9,18.5,-10.0,2022,SAS
30,Detroit Pistons,82,17,65,.207,48.3,110.3,39.6,87.1,45.4,11.4,32.4,35.1,19.8,25.7,77.1,11.2,31.3,42.4,23.0,15.1,7.0,3.8,5.5,22.1,21.0,-8.2,2022,DET
1,Boston Celtics,82,64,18,.780,48.4,120.6,43.9,90.2,48.7,16.5,42.5,38.8,16.3,20.2,80.7,10.7,35.6,46.3,26.9,11.9,6.8,6.6,3.7,16.2,17.3,11.3,2023,BOS
2,Denver Nuggets,82,57,25,.695,48.1,114.9,44.0,88.8,49.6,11.7,31.2,37.4,15.1,19.9,76.2,10.7,33.7,44.4,29.5,12.6,7.1,5.6,4.8,18.2,17.9,5.3,2023,DEN
2,Oklahoma City Thunder,82,57,25,.695,48.3,120.1,44.5,89.3,49.9,13.3,34.2,38.9,17.7,21.5,82.5,8.8,33.2,42.0,27.1,12.7,8.5,6.6,5.1,18.8,18.9,7.4,2023,OKC
4,Minnesota Timberwolves,82,56,26,.683,48.3,113.0,41.3,85.0,48.5,12.6,32.7,38.7,17.8,22.9,77.7,9.4,34.2,43.6,26.6,14.2,7.9,6.1,4.5,18.8,19.9,6.5,2023,MIN
5,Los Angeles Clippers,82,51,31,.622,48.1,115.6,42.4,86.7,48.9,12.6,33.2,38.1,18.3,22.2,82.5,10.0,32.9,43.0,25.6,13.1,7.8,5.0,4.7,18.5,18.7,3.3,2023,LAC
6,Dallas Mavericks,82,50,32,.610,48.1,117.9,43.1,89.7,48.1,14.6,39.5,36.9,17.0,22.5,75.8,9.7,33.2,42.9,25.7,12.5,6.9,5.0,4.0,18.3,20.3,2.2,2023,DAL
6,New York Knicks,82,50,32,.610,48.1,112.8,41.3,88.7,46.5,13.2,35.8,36.9,17.0,21.8,78.0,12.7,32.5,45.2,24.4,13.2,7.5,4.1,5.3,17.6,19.1,4.6,2023,NYK
8,Milwaukee Bucks,82,49,33,.598,48.3,119.0,43.1,88.5,48.7,14.2,38.1,37.3,18.5,23.9,77.4,9.4,34.8,44.2,26.5,12.9,6.8,5.0,4.2,19.2,19.2,2.6,2023,MIL
8,New Orleans Pelicans,82,49,33,.598,48.1,115.1,42.5,87.4,48.6,12.5,32.6,38.3,17.6,22.8,77.1,10.4,33.6,44.0,27.0,13.0,8.3,4.6,5.2,18.4,18.4,4.4,2023,NOP
8,Phoenix Suns,82,49,33,.598,48.2,116.2,42.5,86.1,49.3,12.4,32.6,38.2,18.9,23.4,80.8,10.1,33.9,44.1,27.0,14.9,7.4,6.0,4.5,18.0,19.7,3.1,2023,PHX
11,Cleveland Cavaliers,82,48,34,.585,48.3,112.6,41.8,87.2,47.9,13.5,36.8,36.7,15.6,20.4,76.5,9.8,33.4,43.3,28.0,13.6,7.4,4.6,5.0,17.5,18.7,2.4,2023,CLE
12,Indiana Pacers,82,47,35,.573,48.1,123.3,47.0,92.7,50.7,13.2,35.3,37.4,16.1,20.5,78.2,10.1,31.4,41.5,30.8,12.9,7.7,5.9,5.4,21.4,18.3,3.0,2023,IND
12,Los Angeles Lakers,82,47,35,.573,48.4,118.0,43.7,87.5,49.9,11.8,31.4,37.7,18.9,24.2,78.2,8.2,34.9,43.1,28.5,14.0,7.4,5.5,4.8,15.6,19.7,0.6,2023,LAL
12,Orlando Magic,82,47,35,.573,48.2,110.5,40.5,84.9,47.6,11.0,31.3,35.2,18.5,24.4,75.9,10.5,31.8,42.3,24.7,14.7,8.2,5.2,4.6,19.7,20.9,2.0,2023,ORL
12,Philadelphia 76ers,82,47,35,.573,48.2,114.6,41.5,89.4,46.4,12.1,33.3,36.3,19.5,23.6,82.6,11.0,31.9,43.0,24.9,12.0,8.5,6.0,6.1,20.3,18.5,3.0,2023,PHI
16,Golden State Warriors,82,46,36,.561,48.4,117.8,43.7,91.6,47.7,14.8,38.9,38.0,15.6,20.0,78.0,12.1,34.6,46.7,29.3,14.3,7.0,4.6,5.0,19.5,17.9,2.6,2023,GSW
16,Miami Heat,82,46,36,.561,48.2,110.1,39.8,85.6,46.5,12.5,33.7,37.0,18.0,22.0,81.8,9.3,33.0,42.3,25.8,12.7,7.5,3.4,4.7,17.3,18.9,1.8,2023,MIA
16,Sacramento Kings,82,46,36,.561,48.4,116.6,43.3,90.9,47.7,14.4,39.3,36.6,15.5,20.9,74.5,10.8,33.2,44.0,28.3,13.1,7.6,4.2,4.5,19.9,18.3,1.7,2023,SAC
19,Houston Rockets,82,41,41,.500,48.4,114.3,41.8,91.0,45.9,12.7,36.1,35.2,18.1,23.4,77.3,11.5,34.0,45.5,24.8,12.7,7.8,4.6,5.9,20.8,19.6,1.1,2023,HOU
20,Chicago Bulls,82,39,43,.476,48.7,112.3,42.0,89.5,47.0,11.5,32.1,35.8,16.7,21.1,79.1,11.2,32.6,43.8,25.0,12.2,7.8,4.8,4.9,18.8,18.8,-1.4,2023,CHI
21,Atlanta Hawks,82,36,46,.439,48.4,118.3,43.0,92.5,46.5,13.7,37.7,36.4,18.5,23.2,79.7,12.5,32.2,44.7,26.6,13.5,7.5,4.5,5.6,18.6,19.4,-2.2,2023,ATL
22,Brooklyn Nets,82,32,50,.390,48.3,110.4,40.7,89.1,45.6,13.3,36.7,36.2,15.8,20.9,75.6,11.4,32.6,44.1,25.6,13.1,6.8,5.2,5.0,18.5,18.2,-2.9,2023,BKN
23,Utah Jazz,82,31,51,.378,48.3,115.7,42.0,89.9,46.7,12.9,36.5,35.4,18.8,22.6,83.0,12.2,33.2,45.5,27.2,15.7,6.5,5.6,6.4,18.6,19.2,-4.9,2023,UTA
24,Memphis Grizzlies,82,27,55,.329,48.2,105.8,38.4,88.2,43.5,13.1,37.8,34.6,16.0,21.0,76.4,10.9,31.7,42.6,24.7,15.1,8.2,6.1,6.5,19.1,18.8,-7.0,2023,MEM
25,Toronto Raptors,82,25,57,.305,48.3,112.4,42.3,89.7,47.1,11.5,33.1,34.7,16.3,21.6,75.6,10.9,31.8,42.7,28.5,14.0,7.7,4.7,5.8,18.4,18.1,-6.4,2023,TOR
26,San Antonio Spurs,82,22,60,.268,48.4,112.1,41.9,90.7,46.2,12.6,36.4,34.7,15.6,20.0,78.2,10.4,33.9,44.2,29.9,15.1,7.1,6.3,4.6,17.2,17.9,-6.5,2023,SAS
27,Charlotte Hornets,82,21,61,.256,48.1,106.6,40.0,87.0,46.0,12.1,34.0,35.5,14.5,18.4,78.6,9.3,31.0,40.3,24.8,13.8,6.9,4.5,4.8,18.0,17.5,-10.2,2023,CHA
27,Portland Trail Blazers,82,21,61,.256,48.5,106.4,39.4,89.7,43.9,11.5,33.2,34.5,16.2,20.5,79.1,12.6,30.1,42.7,23.1,15.2,7.6,4.3,6.4,20.2,17.9,-9.0,2023,POR
29,Washington Wizards,82,15,67,.183,48.1,113.7,43.0,91.4,47.0,12.4,35.5,34.8,15.4,20.2,76.4,9.2,31.9,41.1,27.9,14.0,7.6,5.1,6.0,20.0,18.0,-9.3,2023,WAS
30,Detroit Pistons,82,14,68,.171,48.2,109.9,40.9,88.2,46.3,11.0,31.7,34.8,17.0,21.7,78.5,10.5,32.8,43.3,25.5,15.2,6.5,4.7,6.0,20.6,17.8,-9.1,2023,DET
1,Oklahoma City Thunder,82,68,14,.829,48.1,120.5,44.6,92.7,48.2,14.5,38.8,37.4,16.7,20.4,81.9,10.6,34.2,44.8,26.9,11.7,10.3,5.7,4.8,19.9,18.1,12.9,2024,OKC
2,Cleveland Cavaliers,82,64,18,.780,48.2,121.9,44.5,90.8,49.1,15.9,41.5,38.3,17.0,21.9,77.6,11.2,34.2,45.4,28.1,13.2,8.2,4.3,4.4,18.1,18.9,9.5,2024,CLE
3,Boston Celtics,82,61,21,.744,48.4,116.3,41.6,90.0,46.2,17.8,48.2,36.8,15.3,19.1,79.9,11.4,33.9,45.3,26.1,11.9,7.2,5.5,3.6,15.9,17.5,9.1,2024,BOS
4,Houston Rockets,82,52,30,.634,48.2,114.3,42.5,93.4,45.5,12.7,35.8,35.3,16.7,22.6,73.8,14.6,33.8,48.5,23.3,13.9,8.4,5.0,5.7,19.0,19.2,4.5,2024,HOU
5,New York Knicks,82,51,31,.622,48.5,115.8,43.3,89.2,48.6,12.6,34.1,36.9,16.5,20.7,80.0,10.9,31.8,42.6,27.5,13.3,8.2,4.0,5.0,17.2,19.0,4.1,2024,NYK
6,Denver Nuggets,82,50,32,.610,48.4,120.8,45.4,89.8,50.6,12.0,31.9,37.6,17.9,23.3,77.0,11.2,34.5,45.7,31.0,14.3,8.0,4.9,5.1,17.6,19.0,3.9,2024,DEN
6,Indiana Pacers,82,50,32,.610,48.4,117.4,43.6,89.3,48.8,13.2,35.8,36.8,17.0,21.6,78.9,9.2,32.7,41.8,29.2,13.2,8.5,5.5,4.5,18.7,18.8,2.2,2024,IND
6,Los Angeles Clippers,82,50,32,.610,48.3,112.9,41.6,86.3,48.2,12.5,33.4,37.3,17.3,21.7,79.7,10.3,33.5,43.8,25.2,14.9,9.4,4.5,4.3,18.3,17.8,4.7,2024,LAC
6,Los Angeles Lakers,82,50,32,.610,48.1,113.4,40.9,85.5,47.9,13.3,36.4,36.6,18.2,23.2,78.5,9.7,32.8,42.4,26.0,14.0,7.7,4.5,4.2,17.3,19.2,1.2,2024,LAL
10,Minnesota Timberwolves,82,49,33,.598,48.4,114.3,41.0,87.6,46.8,15.0,39.9,37.7,17.2,21.8,78.9,11.1,33.2,44.3,26.1,14.5,8.0,5.0,4.5,18.3,19.2,5.0,2024,MIN
11,Golden State Warriors,82,48,34,.585,48.1,113.8,40.8,90.4,45.1,15.4,42.4,36.4,16.9,22.1,76.4,12.5,32.8,45.4,29.1,14.0,9.4,4.8,5.4,19.2,18.6,3.3,2024,GSW
11,Memphis Grizzlies,82,48,34,.585,48.1,121.7,44.8,93.3,47.9,13.9,37.9,36.7,18.3,23.3,78.6,12.9,34.4,47.3,28.4,15.7,8.9,5.6,5.5,20.9,20.2,4.9,2024,MEM
11,Milwaukee Bucks,82,48,34,.585,48.2,115.5,42.0,86.4,48.6,14.2,36.6,38.7,17.3,23.1,75.0,8.2,35.1,43.4,25.5,13.4,7.3,4.7,3.8,17.9,18.9,2.5,2024,MIL
14,Detroit Pistons,82,44,38,.537,48.3,115.5,42.7,89.8,47.6,12.8,35.4,36.2,17.2,22.3,77.4,11.4,33.4,44.8,26.4,14.9,8.0,5.3,5.0,20.7,18.9,1.9,2024,DET
15,Orlando Magic,82,41,41,.500,48.1,105.4,38.2,85.8,44.5,11.2,35.3,31.8,17.9,23.0,77.5,11.1,30.7,41.8,23.0,14.2,8.9,6.0,4.4,20.1,20.3,-0.1,2024,ORL
16,Atlanta Hawks,82,40,42,.488,48.2,118.2,43.4,91.8,47.2,13.5,37.7,35.8,18.0,23.2,77.5,11.9,32.6,44.5,29.6,15.5,9.7,5.1,4.9,19.1,19.1,-1.1,2024,ATL
16,Sacramento Kings,82,40,42,.488,48.5,115.7,43.0,90.1,47.8,12.6,35.2,35.7,17.1,21.2,80.6,11.0,33.2,44.2,26.5,13.3,7.6,4.4,4.3,18.9,18.5,0.5,2024,SAC
18,Chicago Bulls,82,39,43,.476,48.2,117.8,43.2,92.0,47.0,15.4,42.0,36.7,16.0,19.7,80.9,10.1,35.8,45.9,29.1,14.7,7.6,4.7,5.1,17.6,16.8,-1.6,2024,CHI
18,Dallas Mavericks,82,39,43,.476,48.1,114.2,42.0,87.7,47.9,12.4,34.2,36.4,17.8,23.1,77.0,10.1,33.0,43.0,25.2,14.0,7.8,5.4,4.6,17.8,18.7,-1.2,2024,DAL
20,Miami Heat,82,37,45,.451,48.6,110.6,40.5,87.0,46.5,13.7,37.3,36.7,16.0,20.2,79.1,9.7,33.7,43.4,26.4,13.6,8.1,3.8,4.7,15.5,17.0,0.6,2024,MIA
21,Phoenix Suns,82,36,46,.439,48.4,113.6,41.2,86.3,47.8,14.3,38.0,37.8,16.8,20.8,81.0,9.5,32.9,42.5,27.8,14.1,7.2,4.8,4.0,17.9,18.4,-3.0,2024,PHX
21,Portland Trail Blazers,82,36,46,.439,48.2,110.9,40.5,90.2,45.0,12.9,37.7,34.2,16.9,22.2,76.2,13.4,31.4,44.8,23.8,16.0,8.3,5.3,5.5,19.0,19.3,-3.0,2024,POR
23,San Antonio Spurs,82,34,48,.415,48.1,113.9,41.8,89.8,46.5,14.1,39.6,35.7,16.2,21.0,77.4,10.9,32.7,43.7,28.6,13.9,8.2,5.5,4.3,16.6,17.4,-2.8,2024,SAS
24,Toronto Raptors,82,30,52,.366,48.3,110.9,41.6,91.0,45.8,11.8,34.0,34.8,15.8,21.1,74.8,12.6,32.5,45.1,28.5,15.3,8.1,4.2,5.9,21.2,18.1,-4.3,2024,TOR
25,Brooklyn Nets,82,26,56,.317,48.2,105.1,37.6,86.1,43.7,13.6,39.4,34.4,16.3,20.7,78.7,10.9,30.4,41.3,25.2,15.2,7.8,4.3,5.6,20.7,18.9,-7.1,2024,BKN
26,Philadelphia 76ers,82,24,58,.293,48.3,109.6,39.7,87.4,45.4,12.7,37.2,34.1,17.5,22.5,78.0,10.4,29.4,39.8,23.2,13.6,9.2,4.5,5.1,19.0,18.7,-6.2,2024,PHI
27,New Orleans Pelicans,82,21,61,.256,48.2,109.8,40.6,89.9,45.2,12.0,34.6,34.7,16.5,21.9,75.4,12.1,31.5,43.6,25.8,14.6,8.5,5.2,5.2,18.3,17.9,-9.4,2024,NOP
28,Charlotte Hornets,82,19,63,.232,48.2,105.1,38.3,89.1,43.0,13.0,38.3,33.9,15.5,19.8,78.3,12.2,33.0,45.2,24.3,15.5,7.4,4.5,5.3,18.7,18.1,-9.1,2024,CHA
29,Washington Wizards,82,18,64,.220,48.1,108.0,39.4,89.9,43.9,13.1,39.1,33.5,16.0,20.6,77.8,10.6,33.1,43.7,25.1,15.6,7.6,5.1,5.2,19.7,18.2,-12.4,2024,WAS
30,Utah Jazz,82,17,65,.207,48.3,111.9,40.3,88.7,45.4,14.0,39.8,35.0,17.3,22.4,77.4,12.0,33.4,45.4,25.5,17.2,6.8,4.4,6.4,18.9,19.3,-9.3,2024,UTA
